"title","start_time","end_time","description","exercise_title","superset_id","exercise_notes","set_index","set_type","weight_kg","reps","distance_km","duration_seconds","rpe"
"Push Day","18 Aug 2026, 07:00","18 Aug 2026, 08:05","Felt good, strong session","Bench Press (Barbell)",,"Focus on control, pause at chest",0,"warmup",40,10,,0,
"Push Day","18 Aug 2026, 07:00","18 Aug 2026, 08:05","Felt good, strong session","Bench Press (Barbell)",,"Focus on control, pause at chest",1,"normal",80,8,,0,8
"Push Day","18 Aug 2026, 07:00","18 Aug 2026, 08:05","Felt good, strong session","Bench Press (Barbell)",,"Focus on control, pause at chest",2,"dropset",60,6,,0,9.5
"Push Day","18 Aug 2026, 07:00","18 Aug 2026, 08:05","Felt good, strong session","Incline Dumbbell Press",1,"","0","normal",30,10,,0,8
"Push Day","18 Aug 2026, 07:00","18 Aug 2026, 08:05","Felt good, strong session","Incline Dumbbell Press",1,"","1","normal",30,9,,0,8.5
"Push Day","18 Aug 2026, 07:00","18 Aug 2026, 08:05","Felt good, strong session","Cable Fly",1,"","0","normal",15,12,,0,7
"Push Day","18 Aug 2026, 07:00","18 Aug 2026, 08:05","Felt good, strong session","Cable Fly",1,"","1","normal",15,10,,0,7.5
"Push Day","18 Aug 2026, 07:00","18 Aug 2026, 08:05","Felt good, strong session","Triceps Pushdown (Cable)",,"Great pump
kept elbows tucked",0,"normal",25,12,,0,7
"Push Day","18 Aug 2026, 07:00","18 Aug 2026, 08:05","Felt good, strong session","Triceps Pushdown (Cable)",,"Great pump
kept elbows tucked",1,"failure",25,10,,0,10
